id,name,email
1,Joe Donald,joe.donald@example.com
2,Janet South,janet.south@example.com
3,Samuel Wilder,sam.wilder@example.com
4,George Throne,grorge.throne@example.com
5,Mary Smith,mary.smith@example.com
6,Beth Conner,beth.conner@example.com
7,Mike Peters,mike.peters@example.com
8,Jill Marks,jill.marks@example.com
9,Tom Bahama,tom.bahama@example.com
10,Jill Browne,jill.browne@example.com
11,Ashton Greene,ash.greene@example.com